{
  "mmseqs_040": {
    "raw": {
      "n_folds": 4,
      "R@1_s2e_mean": 40.585,
      "R@1_s2e_sd": 3.4786221410207805,
      "R@1_e2s_mean": 66.4365,
      "R@1_e2s_sd": 3.7835501406307075
    },
    "filtered": {
      "n_folds": 4,
      "R@1_s2e_mean": 34.6925,
      "R@1_s2e_sd": 3.086139497819243,
      "R@1_e2s_mean": 54.24099999999999,
      "R@1_e2s_sd": 3.1699247099366072
    },
    "delta_s2e": -5.892499999999998,
    "delta_e2s": -12.195500000000003
  },
  "mmseqs_060": {
    "raw": {
      "n_folds": 4,
      "R@1_s2e_mean": 53.85300000000001,
      "R@1_s2e_sd": 2.874077475179351,
      "R@1_e2s_mean": 81.0155,
      "R@1_e2s_sd": 2.188851373056969
    },
    "filtered": {
      "n_folds": 4,
      "R@1_s2e_mean": 51.004000000000005,
      "R@1_s2e_sd": 1.5153965377638516,
      "R@1_e2s_mean": 77.89000000000001,
      "R@1_e2s_sd": 2.90190052666639
    },
    "delta_s2e": -2.8490000000000038,
    "delta_e2s": -3.125499999999988
  },
  "mmseqs_080": {
    "raw": {
      "n_folds": 4,
      "R@1_s2e_mean": 58.561499999999995,
      "R@1_s2e_sd": 2.59234996351444,
      "R@1_e2s_mean": 84.984,
      "R@1_e2s_sd": 1.7640778516456388
    },
    "filtered": {
      "n_folds": 4,
      "R@1_s2e_mean": 56.8605,
      "R@1_s2e_sd": 1.9128229574810791,
      "R@1_e2s_mean": 83.27499999999998,
      "R@1_e2s_sd": 3.616236533561735
    },
    "delta_s2e": -1.7009999999999934,
    "delta_e2s": -1.7090000000000174
  },
  "identity_100": {
    "raw": {
      "n_folds": 4,
      "R@1_s2e_mean": 61.752500000000005,
      "R@1_s2e_sd": 0.44475124133235383,
      "R@1_e2s_mean": 86.30650000000001,
      "R@1_e2s_sd": 1.723840189808796
    },
    "filtered": null
  }
}